ID;Year;Date;Stage;Home Team;Home Goals;Away Goals;Away Team;Host Team
1;1930;13/07/1930;Group stage;France;4;1;Mexico;FALSO
2;1930;13/07/1930;Group stage;United States;3;0;Belgium;FALSO
3;1930;14/07/1930;Group stage;Yugoslavia;2;1;Brazil;FALSO
4;1930;14/07/1930;Group stage;Romania;3;1;Peru;FALSO
5;1930;15/07/1930;Group stage;Argentina;1;0;France;FALSO
6;1930;16/07/1930;Group stage;Chile;3;0;Mexico;FALSO
7;1930;17/07/1930;Group stage;Yugoslavia;4;0;Bolivia;FALSO
8;1930;17/07/1930;Group stage;United States;3;0;Paraguay;FALSO
9;1930;18/07/1930;Group stage;Uruguay;1;0;Peru;VERO
10;1930;19/07/1930;Group stage;Chile;1;0;France;FALSO
11;1930;19/07/1930;Group stage;Argentina;6;3;Mexico;FALSO
12;1930;20/07/1930;Group stage;Brazil;4;0;Bolivia;FALSO
13;1930;20/07/1930;Group stage;Paraguay;1;0;Belgium;FALSO
14;1930;21/07/1930;Group stage;Uruguay;4;0;Romania;VERO
15;1930;22/07/1930;Group stage;Argentina;3;1;Chile;FALSO
16;1930;26/07/1930;Semi-finals;Argentina;6;1;United States;FALSO
17;1930;27/07/1930;Semi-finals;Uruguay;6;1;Yugoslavia;VERO
18;1930;30/07/1930;Final;Uruguay;4;2;Argentina;VERO
19;1934;27/05/1934;Round of 16;Austria;3;2;France;FALSO
20;1934;27/05/1934;Round of 16;Hungary;4;2;Egypt;FALSO
21;1934;27/05/1934;Round of 16;Switzerland;3;2;Netherlands;FALSO
22;1934;27/05/1934;Round of 16;Sweden;3;2;Argentina;FALSO
23;1934;27/05/1934;Round of 16;Germany;5;2;Belgium;FALSO
24;1934;27/05/1934;Round of 16;Spain;3;1;Brazil;FALSO
25;1934;27/05/1934;Round of 16;Italy;7;1;United States;VERO
26;1934;27/05/1934;Round of 16;Czechoslovakia;2;1;Romania;FALSO
27;1934;31/05/1934;Quarter-finals;Czechoslovakia;3;2;Switzerland;FALSO
28;1934;31/05/1934;Quarter-finals;Germany;2;1;Sweden;FALSO
29;1934;31/05/1934;Quarter-finals;Italy;1;1;Spain;VERO
30;1934;31/05/1934;Quarter-finals;Austria;2;1;Hungary;FALSO
31;1934;01/06/1934;Quarter-finals;Italy;1;0;Spain;VERO
32;1934;03/06/1934;Semi-finals;Italy;1;0;Austria;VERO
33;1934;03/06/1934;Semi-finals;Czechoslovakia;3;1;Germany;FALSO
34;1934;07/06/1934;Third place;Germany;3;2;Austria;FALSO
35;1934;10/06/1934;Final;Italy;2;1;Czechoslovakia;VERO
36;1938;04/06/1938;Round of 16;Switzerland;1;1;Germany;FALSO
37;1938;05/06/1938;Round of 16;Hungary;6;0;Indonesia;FALSO
38;1938;05/06/1938;Round of 16;France;3;1;Belgium;VERO
39;1938;05/06/1938;Round of 16;Cuba;3;3;Romania;FALSO
40;1938;05/06/1938;Round of 16;Italy;2;1;Norway;FALSO
41;1938;05/06/1938;Round of 16;Brazil;6;5;Poland;FALSO
42;1938;05/06/1938;Round of 16;Czechoslovakia;3;0;Netherlands;FALSO
43;1938;09/06/1938;Round of 16;Cuba;2;1;Romania;FALSO
44;1938;09/06/1938;Round of 16;Switzerland;4;2;Germany;FALSO
45;1938;12/06/1938;Quarter-finals;Brazil;1;1;Czechoslovakia;FALSO
46;1938;12/06/1938;Quarter-finals;Hungary;2;0;Switzerland;FALSO
47;1938;12/06/1938;Quarter-finals;Sweden;8;0;Cuba;FALSO
48;1938;12/06/1938;Quarter-finals;France;1;3;Italy;VERO
49;1938;14/06/1938;Quarter-finals;Brazil;2;1;Czechoslovakia;FALSO
50;1938;16/06/1938;Semi-finals;Hungary;5;1;Sweden;FALSO
51;1938;16/06/1938;Semi-finals;Italy;2;1;Brazil;FALSO
52;1938;19/06/1938;Third place;Brazil;4;2;Sweden;FALSO
53;1938;19/06/1938;Final;Italy;4;2;Hungary;FALSO
54;1950;24/06/1950;First round;Brazil;4;0;Mexico;VERO
55;1950;25/06/1950;First round;England;2;0;Chile;FALSO
56;1950;25/06/1950;First round;Spain;3;1;United States;FALSO
57;1950;25/06/1950;First round;Sweden;3;2;Italy;FALSO
58;1950;25/06/1950;First round;Yugoslavia;3;0;Switzerland;FALSO
59;1950;28/06/1950;First round;Brazil;2;2;Switzerland;VERO
60;1950;28/06/1950;First round;Yugoslavia;4;1;Mexico;FALSO
61;1950;29/06/1950;First round;Spain;2;0;Chile;FALSO
62;1950;29/06/1950;First round;United States;1;0;England;FALSO
63;1950;29/06/1950;First round;Sweden;2;2;Paraguay;FALSO
64;1950;01/07/1950;First round;Brazil;2;0;Yugoslavia;VERO
65;1950;02/07/1950;First round;Spain;1;0;England;FALSO
66;1950;02/07/1950;First round;Italy;2;0;Paraguay;FALSO
67;1950;02/07/1950;First round;Uruguay;8;0;Bolivia;FALSO
68;1950;02/07/1950;First round;Chile;5;2;United States;FALSO
69;1950;02/07/1950;First round;Switzerland;2;1;Mexico;FALSO
70;1950;09/07/1950;Final round;Uruguay;2;2;Spain;FALSO
71;1950;09/07/1950;Final round;Brazil;7;1;Sweden;VERO
72;1950;13/07/1950;Final round;Brazil;6;1;Spain;VERO
73;1950;13/07/1950;Final round;Uruguay;3;2;Sweden;FALSO
74;1950;16/07/1950;Final round;Sweden;3;1;Spain;FALSO
75;1950;16/07/1950;Final round;Uruguay;2;1;Brazil;VERO
76;1954;16/06/1954;Group stage;Uruguay;2;0;Czechoslovakia;FALSO
77;1954;16/06/1954;Group stage;Austria;1;0;Scotland;FALSO
78;1954;16/06/1954;Group stage;Brazil;5;0;Mexico;FALSO
79;1954;16/06/1954;Group stage;Yugoslavia;1;0;France;FALSO
80;1954;17/06/1954;Group stage;Switzerland;2;1;Italy;VERO
81;1954;17/06/1954;Group stage;Germany;4;1;Turkey;FALSO
82;1954;17/06/1954;Group stage;Hungary;9;0;South Korea;FALSO
83;1954;17/06/1954;Group stage;England;4;4;Belgium;FALSO
84;1954;19/06/1954;Group stage;Uruguay;7;0;Scotland;FALSO
85;1954;19/06/1954;Group stage;Austria;5;0;Czechoslovakia;FALSO
86;1954;19/06/1954;Group stage;Brazil;1;1;Yugoslavia;FALSO
87;1954;19/06/1954;Group stage;France;3;2;Mexico;FALSO
88;1954;20/06/1954;Group stage;Hungary;8;3;Germany;FALSO
89;1954;20/06/1954;Group stage;Turkey;7;0;South Korea;FALSO
90;1954;20/06/1954;Group stage;Italy;4;1;Belgium;FALSO
91;1954;20/06/1954;Group stage;Switzerland;0;2;England;VERO
92;1954;23/06/1954;Group stage;Germany;7;2;Turkey;FALSO
93;1954;23/06/1954;Group stage;Switzerland;4;1;Italy;VERO
94;1954;26/06/1954;Quarter-finals;Uruguay;4;2;England;FALSO
95;1954;26/06/1954;Quarter-finals;Switzerland;5;7;Austria;VERO
96;1954;27/06/1954;Quarter-finals;Germany;2;0;Yugoslavia;FALSO
97;1954;27/06/1954;Quarter-finals;Hungary;4;2;Brazil;FALSO
98;1954;30/06/1954;Semi-finals;Germany;6;1;Austria;FALSO
99;1954;30/06/1954;Semi-finals;Hungary;4;2;Uruguay;FALSO
100;1954;03/07/1954;Third place;Austria;3;1;Uruguay;FALSO
101;1954;04/07/1954;Final;Germany;3;2;Hungary;FALSO
102;1958;08/06/1958;Group stage;Sweden;3;0;Mexico;VERO
103;1958;08/06/1958;Group stage;Russia;2;2;England;FALSO
104;1958;08/06/1958;Group stage;Argentina;1;3;Germany;FALSO
105;1958;08/06/1958;Group stage;Hungary;1;1;Wales;FALSO
106;1958;08/06/1958;Group stage;France;7;3;Paraguay;FALSO
107;1958;08/06/1958;Group stage;Yugoslavia;1;1;Scotland;FALSO
108;1958;08/06/1958;Group stage;Brazil;3;0;Austria;FALSO
109;1958;08/06/1958;Group stage;Northern Ireland;1;0;Czechoslovakia;FALSO
110;1958;11/06/1958;Group stage;Brazil;0;0;England;FALSO
111;1958;11/06/1958;Group stage;Mexico;1;1;Wales;FALSO
112;1958;11/06/1958;Group stage;Paraguay;3;2;Scotland;FALSO
113;1958;11/06/1958;Group stage;Yugoslavia;3;2;France;FALSO
114;1958;11/06/1958;Group stage;Russia;2;0;Austria;FALSO
115;1958;11/06/1958;Group stage;Germany;2;2;Czechoslovakia;FALSO
116;1958;11/06/1958;Group stage;Argentina;3;1;Northern Ireland;FALSO
117;1958;12/06/1958;Group stage;Sweden;2;1;Hungary;VERO
118;1958;15/06/1958;Group stage;Sweden;0;0;Wales;VERO
119;1958;15/06/1958;Group stage;Brazil;2;0;Russia;FALSO
120;1958;15/06/1958;Group stage;Germany;2;2;Northern Ireland;FALSO
121;1958;15/06/1958;Group stage;Hungary;4;0;Mexico;FALSO
122;1958;15/06/1958;Group stage;Paraguay;3;3;Yugoslavia;FALSO
123;1958;15/06/1958;Group stage;France;2;1;Scotland;FALSO
124;1958;15/06/1958;Group stage;England;2;2;Austria;FALSO
125;1958;15/06/1958;Group stage;Czechoslovakia;6;1;Argentina;FALSO
126;1958;17/06/1958;Group stage;Russia;1;0;England;FALSO
127;1958;17/06/1958;Group stage;Northern Ireland;2;1;Czechoslovakia;FALSO
128;1958;17/06/1958;Group stage;Wales;2;1;Hungary;FALSO
129;1958;19/06/1958;Quarter-finals;Brazil;1;0;Wales;FALSO
130;1958;19/06/1958;Quarter-finals;Germany;1;0;Yugoslavia;FALSO
131;1958;19/06/1958;Quarter-finals;Sweden;2;0;Russia;VERO
132;1958;19/06/1958;Quarter-finals;France;4;0;Northern Ireland;FALSO
133;1958;24/06/1958;Semi-finals;Sweden;3;1;Germany;VERO
134;1958;24/06/1958;Semi-finals;Brazil;5;2;France;FALSO
135;1958;28/06/1958;Third place;France;6;3;Germany;FALSO
136;1958;29/06/1958;Final;Sweden;2;5;Brazil;VERO
137;1962;30/05/1962;Group stage;Uruguay;2;1;Colombia;FALSO
138;1962;30/05/1962;Group stage;Brazil;2;0;Mexico;FALSO
139;1962;30/05/1962;Group stage;Argentina;1;0;Bulgaria;FALSO
140;1962;30/05/1962;Group stage;Chile;3;1;Switzerland;VERO
141;1962;31/05/1962;Group stage;Russia;2;0;Yugoslavia;FALSO
142;1962;31/05/1962;Group stage;Czechoslovakia;1;0;Spain;FALSO
143;1962;31/05/1962;Group stage;Hungary;2;1;England;FALSO
144;1962;31/05/1962;Group stage;Germany;0;0;Italy;FALSO
145;1962;02/06/1962;Group stage;Yugoslavia;3;1;Uruguay;FALSO
146;1962;02/06/1962;Group stage;Brazil;0;0;Czechoslovakia;FALSO
147;1962;02/06/1962;Group stage;England;3;1;Argentina;FALSO
148;1962;02/06/1962;Group stage;Chile;2;0;Italy;VERO
149;1962;03/06/1962;Group stage;Russia;4;4;Colombia;FALSO
150;1962;03/06/1962;Group stage;Spain;1;0;Mexico;FALSO
151;1962;03/06/1962;Group stage;Hungary;6;1;Bulgaria;FALSO
152;1962;03/06/1962;Group stage;Germany;2;1;Switzerland;FALSO
153;1962;06/06/1962;Group stage;Russia;2;1;Uruguay;FALSO
154;1962;06/06/1962;Group stage;Brazil;2;1;Spain;FALSO
155;1962;06/06/1962;Group stage;Hungary;0;0;Argentina;FALSO
156;1962;06/06/1962;Group stage;Chile;0;2;Germany;VERO
157;1962;07/06/1962;Group stage;Yugoslavia;5;0;Colombia;FALSO
158;1962;07/06/1962;Group stage;Mexico;3;1;Czechoslovakia;FALSO
159;1962;07/06/1962;Group stage;England;0;0;Bulgaria;FALSO
160;1962;07/06/1962;Group stage;Italy;3;0;Switzerland;FALSO
161;1962;10/06/1962;Quarter-finals;Chile;2;1;Russia;VERO
162;1962;10/06/1962;Quarter-finals;Brazil;3;1;England;FALSO
163;1962;10/06/1962;Quarter-finals;Czechoslovakia;1;0;Hungary;FALSO
164;1962;10/06/1962;Quarter-finals;Yugoslavia;1;0;Germany;FALSO
165;1962;13/06/1962;Semi-finals;Czechoslovakia;3;1;Yugoslavia;FALSO
166;1962;13/06/1962;Semi-finals;Chile;2;4;Brazil;VERO
167;1962;16/06/1962;Third place;Chile;1;0;Yugoslavia;VERO
168;1962;17/06/1962;Final;Brazil;3;1;Czechoslovakia;FALSO
169;1966;11/07/1966;Group stage;England;0;0;Uruguay;VERO
170;1966;12/07/1966;Group stage;Germany;5;0;Switzerland;FALSO
171;1966;12/07/1966;Group stage;Brazil;2;0;Bulgaria;FALSO
172;1966;12/07/1966;Group stage;Russia;3;0;North Korea;FALSO
173;1966;13/07/1966;Group stage;France;1;1;Mexico;FALSO
174;1966;13/07/1966;Group stage;Portugal;3;1;Hungary;FALSO
175;1966;13/07/1966;Group stage;Argentina;2;1;Spain;FALSO
176;1966;13/07/1966;Group stage;Italy;2;0;Chile;FALSO
177;1966;15/07/1966;Group stage;Uruguay;2;1;France;FALSO
178;1966;15/07/1966;Group stage;Spain;2;1;Switzerland;FALSO
179;1966;15/07/1966;Group stage;Hungary;3;1;Brazil;FALSO
180;1966;15/07/1966;Group stage;North Korea;1;1;Chile;FALSO
181;1966;16/07/1966;Group stage;Portugal;3;0;Bulgaria;FALSO
182;1966;16/07/1966;Group stage;Germany;0;0;Argentina;FALSO
183;1966;16/07/1966;Group stage;Russia;1;0;Italy;FALSO
184;1966;16/07/1966;Group stage;England;2;0;Mexico;VERO
185;1966;19/07/1966;Group stage;Uruguay;0;0;Mexico;FALSO
186;1966;19/07/1966;Group stage;Argentina;2;0;Switzerland;FALSO
187;1966;19/07/1966;Group stage;Portugal;3;1;Brazil;FALSO
188;1966;19/07/1966;Group stage;North Korea;1;0;Italy;FALSO
189;1966;20/07/1966;Group stage;England;2;0;France;VERO
190;1966;20/07/1966;Group stage;Hungary;3;1;Bulgaria;FALSO
191;1966;20/07/1966;Group stage;Germany;2;1;Spain;FALSO
192;1966;20/07/1966;Group stage;Russia;2;1;Chile;FALSO
193;1966;23/07/1966;Quarter-finals;England;1;0;Argentina;VERO
194;1966;23/07/1966;Quarter-finals;Germany;4;0;Uruguay;FALSO
195;1966;23/07/1966;Quarter-finals;Russia;2;1;Hungary;FALSO
196;1966;23/07/1966;Quarter-finals;Portugal;5;3;North Korea;FALSO
197;1966;25/07/1966;Semi-finals;Germany;2;1;Russia;FALSO
198;1966;26/07/1966;Semi-finals;England;2;1;Portugal;VERO
199;1966;28/07/1966;Third place;Portugal;2;1;Russia;FALSO
200;1966;30/07/1966;Final;England;4;2;Germany;VERO
201;1970;31/05/1970;Group stage;Mexico;0;0;Russia;VERO
202;1970;02/06/1970;Group stage;Uruguay;2;0;Israel;FALSO
203;1970;02/06/1970;Group stage;Peru;3;2;Bulgaria;FALSO
204;1970;02/06/1970;Group stage;England;1;0;Romania;FALSO
205;1970;03/06/1970;Group stage;Italy;1;0;Sweden;FALSO
206;1970;03/06/1970;Group stage;Germany;2;1;Morocco;FALSO
207;1970;03/06/1970;Group stage;Brazil;4;1;Czechoslovakia;FALSO
208;1970;03/06/1970;Group stage;Belgium;3;0;El Salvador;FALSO
209;1970;06/06/1970;Group stage;Uruguay;0;0;Italy;FALSO
210;1970;06/06/1970;Group stage;Peru;3;0;Morocco;FALSO
211;1970;06/06/1970;Group stage;Romania;2;1;Czechoslovakia;FALSO
212;1970;06/06/1970;Group stage;Russia;4;1;Belgium;FALSO
213;1970;07/06/1970;Group stage;Sweden;1;1;Israel;FALSO
214;1970;07/06/1970;Group stage;Germany;5;2;Bulgaria;FALSO
215;1970;07/06/1970;Group stage;Brazil;1;0;England;FALSO
216;1970;07/06/1970;Group stage;Mexico;4;0;El Salvador;VERO
217;1970;10/06/1970;Group stage;Sweden;1;0;Uruguay;FALSO
218;1970;10/06/1970;Group stage;Germany;3;1;Peru;FALSO
219;1970;10/06/1970;Group stage;Brazil;3;2;Romania;FALSO
220;1970;10/06/1970;Group stage;Russia;2;0;El Salvador;FALSO
221;1970;11/06/1970;Group stage;Italy;0;0;Israel;FALSO
222;1970;11/06/1970;Group stage;Bulgaria;1;1;Morocco;FALSO
223;1970;11/06/1970;Group stage;England;1;0;Czechoslovakia;FALSO
224;1970;11/06/1970;Group stage;Mexico;1;0;Belgium;VERO
225;1970;14/06/1970;Quarter-finals;Mexico;1;4;Italy;VERO
226;1970;14/06/1970;Quarter-finals;Germany;3;2;England;FALSO
227;1970;14/06/1970;Quarter-finals;Brazil;4;2;Peru;FALSO
228;1970;14/06/1970;Quarter-finals;Uruguay;1;0;Russia;FALSO
229;1970;17/06/1970;Semi-finals;Brazil;3;1;Uruguay;FALSO
230;1970;17/06/1970;Semi-finals;Italy;4;3;Germany;FALSO
231;1970;20/06/1970;Third place;Germany;1;0;Uruguay;FALSO
232;1970;21/06/1970;Final;Brazil;4;1;Italy;FALSO
233;1974;13/06/1974;First group stage;Brazil;0;0;Yugoslavia;FALSO
234;1974;14/06/1974;First group stage;Germany;1;0;Chile;VERO
235;1974;14/06/1974;First group stage;East Germany;2;0;Australia;FALSO
236;1974;14/06/1974;First group stage;DR Congo;0;2;Scotland;FALSO
237;1974;15/06/1974;First group stage;Uruguay;0;2;Netherlands;FALSO
238;1974;15/06/1974;First group stage;Sweden;0;0;Bulgaria;FALSO
239;1974;15/06/1974;First group stage;Italy;3;1;Haiti;FALSO
240;1974;15/06/1974;First group stage;Poland;3;2;Argentina;FALSO
241;1974;18/06/1974;First group stage;Germany;3;0;Australia;VERO
242;1974;18/06/1974;First group stage;Scotland;0;0;Brazil;FALSO
243;1974;18/06/1974;First group stage;Chile;1;1;East Germany;FALSO
244;1974;18/06/1974;First group stage;Yugoslavia;9;0;DR Congo;FALSO
245;1974;19/06/1974;First group stage;Netherlands;0;0;Sweden;FALSO
246;1974;19/06/1974;First group stage;Bulgaria;1;1;Uruguay;FALSO
247;1974;19/06/1974;First group stage;Haiti;0;7;Poland;FALSO
248;1974;19/06/1974;First group stage;Argentina;1;1;Italy;FALSO
249;1974;22/06/1974;First group stage;Scotland;1;1;Yugoslavia;FALSO
250;1974;22/06/1974;First group stage;Australia;0;0;Chile;FALSO
251;1974;22/06/1974;First group stage;DR Congo;0;3;Brazil;FALSO
252;1974;22/06/1974;First group stage;Germany;0;1;East Germany;VERO
253;1974;23/06/1974;First group stage;Bulgaria;1;4;Netherlands;FALSO
254;1974;23/06/1974;First group stage;Argentina;4;1;Haiti;FALSO
255;1974;23/06/1974;First group stage;Sweden;3;0;Uruguay;FALSO
256;1974;23/06/1974;First group stage;Poland;2;1;Italy;FALSO
257;1974;26/06/1974;Second group stage;Germany;2;0;Yugoslavia;VERO
258;1974;26/06/1974;Second group stage;Brazil;1;0;East Germany;FALSO
259;1974;26/06/1974;Second group stage;Netherlands;4;0;Argentina;FALSO
260;1974;26/06/1974;Second group stage;Sweden;0;1;Poland;FALSO
261;1974;30/06/1974;Second group stage;Argentina;1;2;Brazil;FALSO
262;1974;30/06/1974;Second group stage;Poland;2;1;Yugoslavia;FALSO
263;1974;30/06/1974;Second group stage;East Germany;0;2;Netherlands;FALSO
264;1974;30/06/1974;Second group stage;Germany;4;2;Sweden;VERO
265;1974;03/07/1974;Second group stage;Germany;1;0;Poland;VERO
266;1974;03/07/1974;Second group stage;Netherlands;2;0;Brazil;FALSO
267;1974;03/07/1974;Second group stage;Argentina;1;1;East Germany;FALSO
268;1974;03/07/1974;Second group stage;Sweden;2;1;Yugoslavia;FALSO
269;1974;06/07/1974;Third place;Brazil;0;1;Poland;FALSO
270;1974;07/07/1974;Final;Germany;2;1;Netherlands;VERO
271;1978;01/06/1978;First group stage;Germany;0;0;Poland;FALSO
272;1978;02/06/1978;First group stage;Italy;2;1;France;FALSO
273;1978;02/06/1978;First group stage;Tunisia;3;1;Mexico;FALSO
274;1978;02/06/1978;First group stage;Argentina;2;1;Hungary;VERO
275;1978;03/06/1978;First group stage;Sweden;1;1;Brazil;FALSO
276;1978;03/06/1978;First group stage;Austria;2;1;Spain;FALSO
277;1978;03/06/1978;First group stage;Peru;3;1;Scotland;FALSO
278;1978;03/06/1978;First group stage;Netherlands;3;0;Iran;FALSO
279;1978;06/06/1978;First group stage;Italy;3;1;Hungary;FALSO
280;1978;06/06/1978;First group stage;Poland;1;0;Tunisia;FALSO
281;1978;06/06/1978;First group stage;Germany;6;0;Mexico;FALSO
282;1978;06/06/1978;First group stage;Argentina;2;1;France;VERO
283;1978;07/06/1978;First group stage;Brazil;0;0;Spain;FALSO
284;1978;07/06/1978;First group stage;Austria;1;0;Sweden;FALSO
285;1978;07/06/1978;First group stage;Scotland;1;1;Iran;FALSO
286;1978;07/06/1978;First group stage;Netherlands;0;0;Peru;FALSO
287;1978;10/06/1978;First group stage;France;3;1;Hungary;FALSO
288;1978;10/06/1978;First group stage;Poland;3;1;Mexico;FALSO
289;1978;10/06/1978;First group stage;Germany;0;0;Tunisia;FALSO
290;1978;10/06/1978;First group stage;Argentina;0;1;Italy;VERO
291;1978;11/06/1978;First group stage;Brazil;1;0;Austria;FALSO
292;1978;11/06/1978;First group stage;Spain;1;0;Sweden;FALSO
293;1978;11/06/1978;First group stage;Peru;4;1;Iran;FALSO
294;1978;11/06/1978;First group stage;Scotland;3;2;Netherlands;FALSO
295;1978;14/06/1978;Second group stage;Germany;0;0;Italy;FALSO
296;1978;14/06/1978;Second group stage;Netherlands;5;1;Austria;FALSO
297;1978;14/06/1978;Second group stage;Brazil;3;0;Peru;FALSO
298;1978;14/06/1978;Second group stage;Argentina;2;0;Poland;VERO
299;1978;18/06/1978;Second group stage;Poland;1;0;Peru;FALSO
300;1978;18/06/1978;Second group stage;Italy;1;0;Austria;FALSO
301;1978;18/06/1978;Second group stage;Germany;2;2;Netherlands;FALSO
302;1978;18/06/1978;Second group stage;Argentina;0;0;Brazil;VERO
303;1978;21/06/1978;Second group stage;Netherlands;2;1;Italy;FALSO
304;1978;21/06/1978;Second group stage;Austria;3;2;Germany;FALSO
305;1978;21/06/1978;Second group stage;Brazil;3;1;Poland;FALSO
306;1978;21/06/1978;Second group stage;Argentina;6;0;Peru;VERO
307;1978;24/06/1978;Third place;Brazil;2;1;Italy;FALSO
308;1978;25/06/1978;Final;Argentina;3;1;Netherlands;VERO
309;1982;13/06/1982;First group stage;Argentina;0;1;Belgium;FALSO
310;1982;14/06/1982;First group stage;Italy;0;0;Poland;FALSO
311;1982;14/06/1982;First group stage;Brazil;2;1;Russia;FALSO
312;1982;15/06/1982;First group stage;Peru;0;0;Cameroon;FALSO
313;1982;15/06/1982;First group stage;Hungary;10;1;El Salvador;FALSO
314;1982;15/06/1982;First group stage;Scotland;5;2;New Zealand;FALSO
315;1982;16/06/1982;First group stage;Germany;1;2;Algeria;FALSO
316;1982;16/06/1982;First group stage;England;3;1;France;FALSO
317;1982;16/06/1982;First group stage;Spain;1;1;Honduras;VERO
318;1982;17/06/1982;First group stage;Chile;0;1;Austria;FALSO
319;1982;17/06/1982;First group stage;Czechoslovakia;1;1;Kuwait;FALSO
320;1982;17/06/1982;First group stage;Yugoslavia;0;0;Northern Ireland;FALSO
321;1982;18/06/1982;First group stage;Italy;1;1;Peru;FALSO
322;1982;18/06/1982;First group stage;Argentina;4;1;Hungary;FALSO
323;1982;18/06/1982;First group stage;Brazil;4;1;Scotland;FALSO
324;1982;19/06/1982;First group stage;Poland;0;0;Cameroon;FALSO
325;1982;19/06/1982;First group stage;Belgium;1;0;El Salvador;FALSO
326;1982;19/06/1982;First group stage;Russia;3;0;New Zealand;FALSO
327;1982;20/06/1982;First group stage;Germany;4;1;Chile;FALSO
328;1982;20/06/1982;First group stage;England;2;0;Czechoslovakia;FALSO
329;1982;20/06/1982;First group stage;Spain;2;1;Yugoslavia;VERO
330;1982;21/06/1982;First group stage;Algeria;0;2;Austria;FALSO
331;1982;21/06/1982;First group stage;France;4;1;Kuwait;FALSO
332;1982;21/06/1982;First group stage;Honduras;1;1;Northern Ireland;FALSO
333;1982;22/06/1982;First group stage;Poland;5;1;Peru;FALSO
334;1982;22/06/1982;First group stage;Belgium;1;1;Hungary;FALSO
335;1982;22/06/1982;First group stage;Russia;2;2;Scotland;FALSO
336;1982;23/06/1982;First group stage;Italy;1;1;Cameroon;FALSO
337;1982;23/06/1982;First group stage;Argentina;2;0;El Salvador;FALSO
338;1982;23/06/1982;First group stage;Brazil;4;0;New Zealand;FALSO
339;1982;24/06/1982;First group stage;Algeria;3;2;Chile;FALSO
340;1982;24/06/1982;First group stage;France;1;1;Czechoslovakia;FALSO
341;1982;24/06/1982;First group stage;Honduras;0;1;Yugoslavia;FALSO
342;1982;25/06/1982;First group stage;Germany;1;0;Austria;FALSO
343;1982;25/06/1982;First group stage;England;1;0;Kuwait;FALSO
344;1982;25/06/1982;First group stage;Spain;0;1;Northern Ireland;VERO
345;1982;28/06/1982;Second group stage;Austria;0;1;France;FALSO
346;1982;28/06/1982;Second group stage;Poland;3;0;Belgium;FALSO
347;1982;29/06/1982;Second group stage;Italy;2;1;Argentina;FALSO
348;1982;29/06/1982;Second group stage;Germany;0;0;England;FALSO
349;1982;01/07/1982;Second group stage;Austria;2;2;Northern Ireland;FALSO
350;1982;01/07/1982;Second group stage;Belgium;0;1;Russia;FALSO
351;1982;02/07/1982;Second group stage;Argentina;1;3;Brazil;FALSO
352;1982;02/07/1982;Second group stage;Spain;1;2;Germany;VERO
353;1982;04/07/1982;Second group stage;France;4;1;Northern Ireland;FALSO
354;1982;04/07/1982;Second group stage;Poland;0;0;Russia;FALSO
355;1982;05/07/1982;Second group stage;Italy;3;2;Brazil;FALSO
356;1982;05/07/1982;Second group stage;Spain;0;0;England;VERO
357;1982;08/07/1982;Semi-finals;Poland;0;2;Italy;FALSO
358;1982;08/07/1982;Semi-finals;Germany;3;3;France;FALSO
359;1982;10/07/1982;Third place;Poland;3;2;France;FALSO
360;1982;11/07/1982;Final;Italy;3;1;Germany;FALSO
361;1986;31/05/1986;Group stage;Bulgaria;1;1;Italy;FALSO
362;1986;01/06/1986;Group stage;Spain;0;1;Brazil;FALSO
363;1986;01/06/1986;Group stage;Canada;0;1;France;FALSO
364;1986;02/06/1986;Group stage;Russia;6;0;Hungary;FALSO
365;1986;02/06/1986;Group stage;Argentina;3;1;South Korea;FALSO
366;1986;02/06/1986;Group stage;Morocco;0;0;Poland;FALSO
367;1986;03/06/1986;Group stage;Algeria;1;1;Northern Ireland;FALSO
368;1986;03/06/1986;Group stage;Mexico;2;1;Belgium;VERO
369;1986;03/06/1986;Group stage;Portugal;1;0;England;FALSO
370;1986;04/06/1986;Group stage;Paraguay;1;0;Iraq;FALSO
371;1986;04/06/1986;Group stage;Uruguay;1;1;Germany;FALSO
372;1986;04/06/1986;Group stage;Scotland;0;1;Denmark;FALSO
373;1986;05/06/1986;Group stage;Italy;1;1;Argentina;FALSO
374;1986;05/06/1986;Group stage;France;1;1;Russia;FALSO
375;1986;05/06/1986;Group stage;South Korea;1;1;Bulgaria;FALSO
376;1986;06/06/1986;Group stage;Hungary;2;0;Canada;FALSO
377;1986;06/06/1986;Group stage;Brazil;1;0;Algeria;FALSO
378;1986;06/06/1986;Group stage;England;0;0;Morocco;FALSO
379;1986;07/06/1986;Group stage;Northern Ireland;1;2;Spain;FALSO
380;1986;07/06/1986;Group stage;Mexico;1;1;Paraguay;VERO
381;1986;07/06/1986;Group stage;Poland;1;0;Portugal;FALSO
382;1986;08/06/1986;Group stage;Iraq;1;2;Belgium;FALSO
383;1986;08/06/1986;Group stage;Germany;2;1;Scotland;FALSO
384;1986;08/06/1986;Group stage;Denmark;6;1;Uruguay;FALSO
385;1986;09/06/1986;Group stage;Hungary;0;3;France;FALSO
386;1986;09/06/1986;Group stage;Russia;2;0;Canada;FALSO
387;1986;10/06/1986;Group stage;South Korea;2;3;Italy;FALSO
388;1986;10/06/1986;Group stage;Argentina;2;0;Bulgaria;FALSO
389;1986;11/06/1986;Group stage;Paraguay;2;2;Belgium;FALSO
390;1986;11/06/1986;Group stage;Mexico;1;0;Iraq;VERO
391;1986;11/06/1986;Group stage;Portugal;1;3;Morocco;FALSO
392;1986;11/06/1986;Group stage;England;3;0;Poland;FALSO
393;1986;12/06/1986;Group stage;Northern Ireland;0;3;Brazil;FALSO
394;1986;12/06/1986;Group stage;Algeria;0;3;Spain;FALSO
395;1986;13/06/1986;Group stage;Scotland;0;0;Uruguay;FALSO
396;1986;13/06/1986;Group stage;Denmark;2;0;Germany;FALSO
397;1986;15/06/1986;Round of 16;Mexico;2;0;Bulgaria;VERO
398;1986;15/06/1986;Round of 16;Russia;3;4;Belgium;FALSO
399;1986;16/06/1986;Round of 16;Brazil;4;0;Poland;FALSO
400;1986;16/06/1986;Round of 16;Argentina;1;0;Uruguay;FALSO
401;1986;17/06/1986;Round of 16;Italy;0;2;France;FALSO
402;1986;17/06/1986;Round of 16;Morocco;0;1;Germany;FALSO
403;1986;18/06/1986;Round of 16;England;3;0;Paraguay;FALSO
404;1986;18/06/1986;Round of 16;Denmark;1;5;Spain;FALSO
405;1986;21/06/1986;Quarter-finals;Brazil;1;1;France;FALSO
406;1986;21/06/1986;Quarter-finals;Mexico;0;0;Germany;VERO
407;1986;22/06/1986;Quarter-finals;Argentina;2;1;England;FALSO
408;1986;22/06/1986;Quarter-finals;Spain;1;1;Belgium;FALSO
409;1986;25/06/1986;Semi-finals;France;0;2;Germany;FALSO
410;1986;25/06/1986;Semi-finals;Argentina;2;0;Belgium;FALSO
411;1986;28/06/1986;Third place;France;4;2;Belgium;FALSO
412;1986;29/06/1986;Final;Argentina;3;2;Germany;FALSO
413;1990;08/06/1990;Group stage;Argentina;0;1;Cameroon;FALSO
414;1990;09/06/1990;Group stage;Russia;0;2;Romania;FALSO
415;1990;09/06/1990;Group stage;United Arab Emirates;0;2;Colombia;FALSO
416;1990;09/06/1990;Group stage;Italy;1;0;Austria;VERO
417;1990;10/06/1990;Group stage;United States;1;5;Czechoslovakia;FALSO
418;1990;10/06/1990;Group stage;Brazil;2;1;Sweden;FALSO
419;1990;10/06/1990;Group stage;Germany;4;1;Yugoslavia;FALSO
420;1990;11/06/1990;Group stage;Costa Rica;1;0;Scotland;FALSO
421;1990;11/06/1990;Group stage;England;1;1;Republic of Ireland;FALSO
422;1990;12/06/1990;Group stage;Belgium;2;0;South Korea;FALSO
423;1990;12/06/1990;Group stage;Netherlands;1;1;Egypt;FALSO
424;1990;13/06/1990;Group stage;Uruguay;0;0;Spain;FALSO
425;1990;13/06/1990;Group stage;Argentina;2;0;Russia;FALSO
426;1990;14/06/1990;Group stage;Cameroon;2;1;Romania;FALSO
427;1990;14/06/1990;Group stage;Yugoslavia;1;0;Colombia;FALSO
428;1990;14/06/1990;Group stage;Italy;1;0;United States;VERO
429;1990;15/06/1990;Group stage;Austria;0;1;Czechoslovakia;FALSO
430;1990;15/06/1990;Group stage;Germany;5;1;United Arab Emirates;FALSO
431;1990;16/06/1990;Group stage;Brazil;1;0;Costa Rica;FALSO
432;1990;16/06/1990;Group stage;Sweden;1;2;Scotland;FALSO
433;1990;16/06/1990;Group stage;England;0;0;Netherlands;FALSO
434;1990;17/06/1990;Group stage;Republic of Ireland;0;0;Egypt;FALSO
435;1990;17/06/1990;Group stage;South Korea;1;3;Spain;FALSO
436;1990;17/06/1990;Group stage;Belgium;3;1;Uruguay;FALSO
437;1990;18/06/1990;Group stage;Argentina;1;1;Romania;FALSO
438;1990;18/06/1990;Group stage;Cameroon;0;4;Russia;FALSO
439;1990;19/06/1990;Group stage;Germany;1;1;Colombia;FALSO
440;1990;19/06/1990;Group stage;Yugoslavia;4;1;United Arab Emirates;FALSO
441;1990;19/06/1990;Group stage;Italy;2;0;Czechoslovakia;VERO
442;1990;19/06/1990;Group stage;Austria;2;1;United States;FALSO
443;1990;20/06/1990;Group stage;Brazil;1;0;Scotland;FALSO
444;1990;20/06/1990;Group stage;Sweden;1;2;Costa Rica;FALSO
445;1990;21/06/1990;Group stage;South Korea;0;1;Uruguay;FALSO
446;1990;21/06/1990;Group stage;Belgium;1;2;Spain;FALSO
447;1990;21/06/1990;Group stage;Republic of Ireland;1;1;Netherlands;FALSO
448;1990;21/06/1990;Group stage;England;1;0;Egypt;FALSO
449;1990;23/06/1990;Round of 16;Cameroon;2;1;Colombia;FALSO
450;1990;23/06/1990;Round of 16;Czechoslovakia;4;1;Costa Rica;FALSO
451;1990;24/06/1990;Round of 16;Brazil;0;1;Argentina;FALSO
452;1990;24/06/1990;Round of 16;Germany;2;1;Netherlands;FALSO
453;1990;25/06/1990;Round of 16;Republic of Ireland;0;0;Romania;FALSO
454;1990;25/06/1990;Round of 16;Italy;2;0;Uruguay;VERO
455;1990;26/06/1990;Round of 16;Spain;1;2;Yugoslavia;FALSO
456;1990;26/06/1990;Round of 16;England;1;0;Belgium;FALSO
457;1990;30/06/1990;Quarter-finals;Yugoslavia;0;0;Argentina;FALSO
458;1990;30/06/1990;Quarter-finals;Italy;1;0;Republic of Ireland;VERO
459;1990;01/07/1990;Quarter-finals;Germany;1;0;Czechoslovakia;FALSO
460;1990;01/07/1990;Quarter-finals;England;3;2;Cameroon;FALSO
461;1990;03/07/1990;Semi-finals;Italy;1;1;Argentina;VERO
462;1990;04/07/1990;Semi-finals;Germany;1;1;England;FALSO
463;1990;07/07/1990;Third place;Italy;2;1;England;VERO
464;1990;08/07/1990;Final;Germany;1;0;Argentina;FALSO
465;1994;17/06/1994;Group stage;Germany;1;0;Bolivia;FALSO
466;1994;17/06/1994;Group stage;Spain;2;2;South Korea;FALSO
467;1994;18/06/1994;Group stage;United States;1;1;Switzerland;VERO
468;1994;18/06/1994;Group stage;Italy;0;1;Republic of Ireland;FALSO
469;1994;18/06/1994;Group stage;Colombia;1;3;Romania;FALSO
470;1994;19/06/1994;Group stage;Belgium;1;0;Morocco;FALSO
471;1994;19/06/1994;Group stage;Norway;1;0;Mexico;FALSO
472;1994;19/06/1994;Group stage;Cameroon;2;2;Sweden;FALSO
473;1994;20/06/1994;Group stage;Brazil;2;0;Russia;FALSO
474;1994;20/06/1994;Group stage;Netherlands;2;1;Saudi Arabia;FALSO
475;1994;21/06/1994;Group stage;Argentina;4;0;Greece;FALSO
476;1994;21/06/1994;Group stage;Germany;1;1;Spain;FALSO
477;1994;21/06/1994;Group stage;Nigeria;3;0;Bulgaria;FALSO
478;1994;22/06/1994;Group stage;Romania;1;4;Switzerland;FALSO
479;1994;22/06/1994;Group stage;United States;2;1;Colombia;VERO
480;1994;23/06/1994;Group stage;Italy;1;0;Norway;FALSO
481;1994;23/06/1994;Group stage;South Korea;0;0;Bolivia;FALSO
482;1994;24/06/1994;Group stage;Mexico;2;1;Republic of Ireland;FALSO
483;1994;24/06/1994;Group stage;Brazil;3;0;Cameroon;FALSO
484;1994;24/06/1994;Group stage;Sweden;3;1;Russia;FALSO
485;1994;25/06/1994;Group stage;Belgium;1;0;Netherlands;FALSO
486;1994;25/06/1994;Group stage;Saudi Arabia;2;1;Morocco;FALSO
487;1994;25/06/1994;Group stage;Argentina;2;1;Nigeria;FALSO
488;1994;26/06/1994;Group stage;Bulgaria;4;0;Greece;FALSO
489;1994;26/06/1994;Group stage;United States;0;1;Romania;VERO
490;1994;26/06/1994;Group stage;Switzerland;0;2;Colombia;FALSO
491;1994;27/06/1994;Group stage;Germany;3;2;South Korea;FALSO
492;1994;27/06/1994;Group stage;Bolivia;1;3;Spain;FALSO
493;1994;28/06/1994;Group stage;Republic of Ireland;0;0;Norway;FALSO
494;1994;28/06/1994;Group stage;Italy;1;1;Mexico;FALSO
495;1994;28/06/1994;Group stage;Brazil;1;1;Sweden;FALSO
496;1994;28/06/1994;Group stage;Russia;6;1;Cameroon;FALSO
497;1994;29/06/1994;Group stage;Morocco;1;2;Netherlands;FALSO
498;1994;29/06/1994;Group stage;Belgium;0;1;Saudi Arabia;FALSO
499;1994;30/06/1994;Group stage;Greece;0;2;Nigeria;FALSO
500;1994;30/06/1994;Group stage;Argentina;0;2;Bulgaria;FALSO
501;1994;02/07/1994;Round of 16;Germany;3;2;Belgium;FALSO
502;1994;02/07/1994;Round of 16;Spain;3;0;Switzerland;FALSO
503;1994;03/07/1994;Round of 16;Saudi Arabia;1;3;Sweden;FALSO
504;1994;03/07/1994;Round of 16;Romania;3;2;Argentina;FALSO
505;1994;04/07/1994;Round of 16;Netherlands;2;0;Republic of Ireland;FALSO
506;1994;04/07/1994;Round of 16;United States;0;1;Brazil;VERO
507;1994;05/07/1994;Round of 16;Nigeria;1;2;Italy;FALSO
508;1994;05/07/1994;Round of 16;Mexico;1;1;Bulgaria;FALSO
509;1994;09/07/1994;Quarter-finals;Italy;2;1;Spain;FALSO
510;1994;09/07/1994;Quarter-finals;Netherlands;2;3;Brazil;FALSO
511;1994;10/07/1994;Quarter-finals;Bulgaria;2;1;Germany;FALSO
512;1994;10/07/1994;Quarter-finals;Romania;2;2;Sweden;FALSO
513;1994;13/07/1994;Semi-finals;Bulgaria;1;2;Italy;FALSO
514;1994;13/07/1994;Semi-finals;Sweden;0;1;Brazil;FALSO
515;1994;16/07/1994;Third place;Sweden;4;0;Bulgaria;FALSO
516;1994;17/07/1994;Final;Brazil;0;0;Italy;FALSO
517;1998;10/06/1998;Group stage;Brazil;2;1;Scotland;FALSO
518;1998;10/06/1998;Group stage;Morocco;2;2;Norway;FALSO
519;1998;11/06/1998;Group stage;Italy;2;2;Chile;FALSO
520;1998;11/06/1998;Group stage;Cameroon;1;1;Austria;FALSO
521;1998;12/06/1998;Group stage;Paraguay;0;0;Bulgaria;FALSO
522;1998;12/06/1998;Group stage;Saudi Arabia;0;1;Denmark;FALSO
523;1998;12/06/1998;Group stage;France;3;0;South Africa;VERO
524;1998;13/06/1998;Group stage;Spain;2;3;Nigeria;FALSO
525;1998;13/06/1998;Group stage;South Korea;1;3;Mexico;FALSO
526;1998;13/06/1998;Group stage;Netherlands;0;0;Belgium;FALSO
527;1998;14/06/1998;Group stage;Argentina;1;0;Japan;FALSO
528;1998;14/06/1998;Group stage;Yugoslavia;1;0;Iran;FALSO
529;1998;14/06/1998;Group stage;Jamaica;1;3;Croatia;FALSO
530;1998;15/06/1998;Group stage;England;2;0;Tunisia;FALSO
531;1998;15/06/1998;Group stage;Romania;1;0;Colombia;FALSO
532;1998;15/06/1998;Group stage;Germany;2;0;United States;FALSO
533;1998;16/06/1998;Group stage;Scotland;1;1;Norway;FALSO
534;1998;16/06/1998;Group stage;Brazil;3;0;Morocco;FALSO
535;1998;17/06/1998;Group stage;Chile;1;1;Austria;FALSO
536;1998;17/06/1998;Group stage;Italy;3;0;Cameroon;FALSO
537;1998;18/06/1998;Group stage;South Africa;1;1;Denmark;FALSO
538;1998;18/06/1998;Group stage;France;4;0;Saudi Arabia;VERO
539;1998;19/06/1998;Group stage;Nigeria;1;0;Bulgaria;FALSO
540;1998;19/06/1998;Group stage;Spain;0;0;Paraguay;FALSO
541;1998;20/06/1998;Group stage;Japan;0;1;Croatia;FALSO
542;1998;20/06/1998;Group stage;Belgium;2;2;Mexico;FALSO
543;1998;20/06/1998;Group stage;Netherlands;5;0;South Korea;FALSO
544;1998;21/06/1998;Group stage;Germany;2;2;Yugoslavia;FALSO
545;1998;21/06/1998;Group stage;Argentina;5;0;Jamaica;FALSO
546;1998;21/06/1998;Group stage;United States;1;2;Iran;FALSO
547;1998;22/06/1998;Group stage;Colombia;1;0;Tunisia;FALSO
548;1998;22/06/1998;Group stage;Romania;2;1;England;FALSO
549;1998;23/06/1998;Group stage;Italy;2;1;Austria;FALSO
550;1998;23/06/1998;Group stage;Chile;1;1;Cameroon;FALSO
551;1998;23/06/1998;Group stage;Scotland;0;3;Morocco;FALSO
552;1998;23/06/1998;Group stage;Brazil;1;2;Norway;FALSO
553;1998;24/06/1998;Group stage;France;2;1;Denmark;VERO
554;1998;24/06/1998;Group stage;South Africa;2;2;Saudi Arabia;FALSO
555;1998;24/06/1998;Group stage;Spain;6;1;Bulgaria;FALSO
556;1998;24/06/1998;Group stage;Nigeria;1;3;Paraguay;FALSO
557;1998;25/06/1998;Group stage;Belgium;1;1;South Korea;FALSO
558;1998;25/06/1998;Group stage;Netherlands;2;2;Mexico;FALSO
559;1998;25/06/1998;Group stage;Germany;2;0;Iran;FALSO
560;1998;25/06/1998;Group stage;United States;0;1;Yugoslavia;FALSO
561;1998;26/06/1998;Group stage;Japan;1;2;Jamaica;FALSO
562;1998;26/06/1998;Group stage;Argentina;1;0;Croatia;FALSO
563;1998;26/06/1998;Group stage;Romania;1;1;Tunisia;FALSO
564;1998;26/06/1998;Group stage;Colombia;0;2;England;FALSO
565;1998;27/06/1998;Round of 16;Italy;1;0;Norway;FALSO
566;1998;27/06/1998;Round of 16;Brazil;4;1;Chile;FALSO
567;1998;28/06/1998;Round of 16;France;1;0;Paraguay;VERO
568;1998;28/06/1998;Round of 16;Nigeria;1;4;Denmark;FALSO
569;1998;29/06/1998;Round of 16;Germany;2;1;Mexico;FALSO
570;1998;29/06/1998;Round of 16;Netherlands;2;1;Yugoslavia;FALSO
571;1998;30/06/1998;Round of 16;Romania;0;1;Croatia;FALSO
572;1998;30/06/1998;Round of 16;Argentina;2;2;England;FALSO
573;1998;03/07/1998;Quarter-finals;France;0;0;Italy;VERO
574;1998;03/07/1998;Quarter-finals;Brazil;3;2;Denmark;FALSO
575;1998;04/07/1998;Quarter-finals;Netherlands;2;1;Argentina;FALSO
576;1998;04/07/1998;Quarter-finals;Germany;0;3;Croatia;FALSO
577;1998;07/07/1998;Semi-finals;Brazil;1;1;Netherlands;FALSO
578;1998;08/07/1998;Semi-finals;France;2;1;Croatia;VERO
579;1998;11/07/1998;Third place;Netherlands;1;2;Croatia;FALSO
580;1998;12/07/1998;Final;France;3;0;Brazil;VERO
581;2002;31/05/2002;Group stage;France;0;1;Senegal;FALSO
582;2002;01/06/2002;Group stage;Republic of Ireland;1;1;Cameroon;FALSO
583;2002;01/06/2002;Group stage;Uruguay;1;2;Denmark;FALSO
584;2002;01/06/2002;Group stage;Germany;8;0;Saudi Arabia;FALSO
585;2002;02/06/2002;Group stage;Argentina;1;0;Nigeria;FALSO
586;2002;02/06/2002;Group stage;Paraguay;2;2;South Africa;FALSO
587;2002;02/06/2002;Group stage;England;1;1;Sweden;FALSO
588;2002;02/06/2002;Group stage;Spain;3;1;Slovenia;FALSO
589;2002;03/06/2002;Group stage;Croatia;0;1;Mexico;FALSO
590;2002;03/06/2002;Group stage;Brazil;2;1;Turkey;FALSO
591;2002;03/06/2002;Group stage;Italy;2;0;Ecuador;FALSO
592;2002;04/06/2002;Group stage;China;0;2;Costa Rica;FALSO
593;2002;04/06/2002;Group stage;Japan;2;2;Belgium;VERO
594;2002;04/06/2002;Group stage;South Korea;2;0;Poland;VERO
595;2002;05/06/2002;Group stage;Russia;2;0;Tunisia;FALSO
596;2002;05/06/2002;Group stage;United States;3;2;Portugal;FALSO
597;2002;05/06/2002;Group stage;Germany;1;1;Republic of Ireland;FALSO
598;2002;06/06/2002;Group stage;Denmark;1;1;Senegal;FALSO
599;2002;06/06/2002;Group stage;Cameroon;1;0;Saudi Arabia;FALSO
600;2002;06/06/2002;Group stage;France;0;0;Uruguay;FALSO
601;2002;07/06/2002;Group stage;Sweden;2;1;Nigeria;FALSO
602;2002;07/06/2002;Group stage;Spain;3;1;Paraguay;FALSO
603;2002;07/06/2002;Group stage;Argentina;0;1;England;FALSO
604;2002;08/06/2002;Group stage;South Africa;1;0;Slovenia;FALSO
605;2002;08/06/2002;Group stage;Italy;1;2;Croatia;FALSO
606;2002;08/06/2002;Group stage;Brazil;4;0;China;FALSO
607;2002;09/06/2002;Group stage;Mexico;2;1;Ecuador;FALSO
608;2002;09/06/2002;Group stage;Costa Rica;1;1;Turkey;FALSO
609;2002;09/06/2002;Group stage;Japan;1;0;Russia;VERO
610;2002;10/06/2002;Group stage;South Korea;1;1;United States;VERO
611;2002;10/06/2002;Group stage;Tunisia;1;1;Belgium;FALSO
612;2002;10/06/2002;Group stage;Portugal;4;0;Poland;FALSO
613;2002;11/06/2002;Group stage;Denmark;2;0;France;FALSO
614;2002;11/06/2002;Group stage;Senegal;3;3;Uruguay;FALSO
615;2002;11/06/2002;Group stage;Saudi Arabia;0;3;Republic of Ireland;FALSO
616;2002;11/06/2002;Group stage;Cameroon;0;2;Germany;FALSO
617;2002;12/06/2002;Group stage;Sweden;1;1;Argentina;FALSO
618;2002;12/06/2002;Group stage;Nigeria;0;0;England;FALSO
619;2002;12/06/2002;Group stage;Slovenia;1;3;Paraguay;FALSO
620;2002;12/06/2002;Group stage;South Africa;2;3;Spain;FALSO
621;2002;13/06/2002;Group stage;Costa Rica;2;5;Brazil;FALSO
622;2002;13/06/2002;Group stage;Turkey;3;0;China;FALSO
623;2002;13/06/2002;Group stage;Ecuador;1;0;Croatia;FALSO
624;2002;13/06/2002;Group stage;Mexico;1;1;Italy;FALSO
625;2002;14/06/2002;Group stage;Japan;2;0;Tunisia;VERO
626;2002;14/06/2002;Group stage;Belgium;3;2;Russia;FALSO
627;2002;14/06/2002;Group stage;South Korea;1;0;Portugal;VERO
628;2002;14/06/2002;Group stage;Poland;3;1;United States;FALSO
629;2002;15/06/2002;Round of 16;Germany;1;0;Paraguay;FALSO
630;2002;15/06/2002;Round of 16;Denmark;0;3;England;FALSO
631;2002;16/06/2002;Round of 16;Sweden;1;2;Senegal;FALSO
632;2002;16/06/2002;Round of 16;Spain;1;1;Republic of Ireland;FALSO
633;2002;17/06/2002;Round of 16;Mexico;0;2;United States;FALSO
634;2002;17/06/2002;Round of 16;Brazil;2;0;Belgium;FALSO
635;2002;18/06/2002;Round of 16;Japan;0;1;Turkey;VERO
636;2002;18/06/2002;Round of 16;South Korea;2;1;Italy;VERO
637;2002;21/06/2002;Quarter-finals;England;1;2;Brazil;FALSO
638;2002;21/06/2002;Quarter-finals;Germany;1;0;United States;FALSO
639;2002;22/06/2002;Quarter-finals;South Korea;0;0;Spain;VERO
640;2002;22/06/2002;Quarter-finals;Senegal;0;1;Turkey;FALSO
641;2002;25/06/2002;Semi-finals;South Korea;0;1;Germany;VERO
642;2002;26/06/2002;Semi-finals;Brazil;1;0;Turkey;FALSO
643;2002;29/06/2002;Third place;South Korea;2;3;Turkey;VERO
644;2002;30/06/2002;Final;Germany;0;2;Brazil;FALSO
645;2006;09/06/2006;Group stage;Germany;4;2;Costa Rica;VERO
646;2006;09/06/2006;Group stage;Poland;0;2;Ecuador;FALSO
647;2006;10/06/2006;Group stage;England;1;0;Paraguay;FALSO
648;2006;10/06/2006;Group stage;Trinidad and Tobago;0;0;Sweden;FALSO
649;2006;10/06/2006;Group stage;Argentina;2;1;Ivory Coast;FALSO
650;2006;11/06/2006;Group stage;Serbia;0;1;Netherlands;FALSO
651;2006;11/06/2006;Group stage;Mexico;3;1;Iran;FALSO
652;2006;11/06/2006;Group stage;Angola;0;1;Portugal;FALSO
653;2006;12/06/2006;Group stage;Australia;3;1;Japan;FALSO
654;2006;12/06/2006;Group stage;United States;0;3;Czech Republic;FALSO
655;2006;12/06/2006;Group stage;Italy;2;0;Ghana;FALSO
656;2006;13/06/2006;Group stage;South Korea;2;1;Togo;FALSO
657;2006;13/06/2006;Group stage;France;0;0;Switzerland;FALSO
658;2006;13/06/2006;Group stage;Brazil;1;0;Croatia;FALSO
659;2006;14/06/2006;Group stage;Spain;4;0;Ukraine;FALSO
660;2006;14/06/2006;Group stage;Tunisia;2;2;Saudi Arabia;FALSO
661;2006;14/06/2006;Group stage;Germany;1;0;Poland;VERO
662;2006;15/06/2006;Group stage;Ecuador;3;0;Costa Rica;FALSO
663;2006;15/06/2006;Group stage;England;2;0;Trinidad and Tobago;FALSO
664;2006;15/06/2006;Group stage;Sweden;1;0;Paraguay;FALSO
665;2006;16/06/2006;Group stage;Argentina;6;0;Serbia;FALSO
666;2006;16/06/2006;Group stage;Netherlands;2;1;Ivory Coast;FALSO
667;2006;16/06/2006;Group stage;Mexico;0;0;Angola;FALSO
668;2006;17/06/2006;Group stage;Portugal;2;0;Iran;FALSO
669;2006;17/06/2006;Group stage;Czech Republic;0;2;Ghana;FALSO
670;2006;17/06/2006;Group stage;Italy;1;1;United States;FALSO
671;2006;18/06/2006;Group stage;Japan;0;0;Croatia;FALSO
672;2006;18/06/2006;Group stage;Brazil;2;0;Australia;FALSO
673;2006;18/06/2006;Group stage;France;1;1;South Korea;FALSO
674;2006;19/06/2006;Group stage;Togo;0;2;Switzerland;FALSO
675;2006;19/06/2006;Group stage;Saudi Arabia;0;4;Ukraine;FALSO
676;2006;19/06/2006;Group stage;Spain;3;1;Tunisia;FALSO
677;2006;20/06/2006;Group stage;Germany;3;0;Ecuador;VERO
678;2006;20/06/2006;Group stage;Costa Rica;1;2;Poland;FALSO
679;2006;20/06/2006;Group stage;Sweden;2;2;England;FALSO
680;2006;20/06/2006;Group stage;Paraguay;2;0;Trinidad and Tobago;FALSO
681;2006;21/06/2006;Group stage;Iran;1;1;Angola;FALSO
682;2006;21/06/2006;Group stage;Portugal;2;1;Mexico;FALSO
683;2006;21/06/2006;Group stage;Netherlands;0;0;Argentina;FALSO
684;2006;21/06/2006;Group stage;Ivory Coast;3;2;Serbia;FALSO
685;2006;22/06/2006;Group stage;Czech Republic;0;2;Italy;FALSO
686;2006;22/06/2006;Group stage;Ghana;2;1;United States;FALSO
687;2006;22/06/2006;Group stage;Japan;1;4;Brazil;FALSO
688;2006;22/06/2006;Group stage;Croatia;2;2;Australia;FALSO
689;2006;23/06/2006;Group stage;Ukraine;1;0;Tunisia;FALSO
690;2006;23/06/2006;Group stage;Saudi Arabia;0;1;Spain;FALSO
691;2006;23/06/2006;Group stage;Togo;0;2;France;FALSO
692;2006;23/06/2006;Group stage;Switzerland;2;0;South Korea;FALSO
693;2006;24/06/2006;Round of 16;Germany;2;0;Sweden;VERO
694;2006;24/06/2006;Round of 16;Argentina;2;1;Mexico;FALSO
695;2006;25/06/2006;Round of 16;England;1;0;Ecuador;FALSO
696;2006;25/06/2006;Round of 16;Portugal;1;0;Netherlands;FALSO
697;2006;26/06/2006;Round of 16;Italy;1;0;Australia;FALSO
698;2006;26/06/2006;Round of 16;Switzerland;0;0;Ukraine;FALSO
699;2006;27/06/2006;Round of 16;Brazil;3;0;Ghana;FALSO
700;2006;27/06/2006;Round of 16;Spain;1;3;France;FALSO
701;2006;30/06/2006;Quarter-finals;Germany;1;1;Argentina;VERO
702;2006;30/06/2006;Quarter-finals;Italy;3;0;Ukraine;FALSO
703;2006;01/07/2006;Quarter-finals;England;0;0;Portugal;FALSO
704;2006;01/07/2006;Quarter-finals;Brazil;0;1;France;FALSO
705;2006;04/07/2006;Semi-finals;Germany;0;2;Italy;VERO
706;2006;05/07/2006;Semi-finals;Portugal;0;1;France;FALSO
707;2006;08/07/2006;Third place;Germany;3;1;Portugal;VERO
708;2006;09/07/2006;Final;Italy;1;1;France;FALSO
709;2010;11/06/2010;Group stage;South Africa;1;1;Mexico;VERO
710;2010;11/06/2010;Group stage;Uruguay;0;0;France;FALSO
711;2010;12/06/2010;Group stage;South Korea;2;0;Greece;FALSO
712;2010;12/06/2010;Group stage;Argentina;1;0;Nigeria;FALSO
713;2010;12/06/2010;Group stage;England;1;1;United States;FALSO
714;2010;13/06/2010;Group stage;Algeria;0;1;Slovenia;FALSO
715;2010;13/06/2010;Group stage;Serbia;0;1;Ghana;FALSO
716;2010;13/06/2010;Group stage;Germany;4;0;Australia;FALSO
717;2010;14/06/2010;Group stage;Netherlands;2;0;Denmark;FALSO
718;2010;14/06/2010;Group stage;Japan;1;0;Cameroon;FALSO
719;2010;14/06/2010;Group stage;Italy;1;1;Paraguay;FALSO
720;2010;15/06/2010;Group stage;New Zealand;1;1;Slovakia;FALSO
721;2010;15/06/2010;Group stage;Ivory Coast;0;0;Portugal;FALSO
722;2010;15/06/2010;Group stage;Brazil;2;1;North Korea;FALSO
723;2010;16/06/2010;Group stage;Honduras;0;1;Chile;FALSO
724;2010;16/06/2010;Group stage;Spain;0;1;Switzerland;FALSO
725;2010;16/06/2010;Group stage;South Africa;0;3;Uruguay;VERO
726;2010;17/06/2010;Group stage;Argentina;4;1;South Korea;FALSO
727;2010;17/06/2010;Group stage;Greece;2;1;Nigeria;FALSO
728;2010;17/06/2010;Group stage;France;0;2;Mexico;FALSO
729;2010;18/06/2010;Group stage;Germany;0;1;Serbia;FALSO
730;2010;18/06/2010;Group stage;Slovenia;2;2;United States;FALSO
731;2010;18/06/2010;Group stage;England;0;0;Algeria;FALSO
732;2010;19/06/2010;Group stage;Netherlands;1;0;Japan;FALSO
733;2010;19/06/2010;Group stage;Ghana;1;1;Australia;FALSO
734;2010;19/06/2010;Group stage;Cameroon;1;2;Denmark;FALSO
735;2010;20/06/2010;Group stage;Slovakia;0;2;Paraguay;FALSO
736;2010;20/06/2010;Group stage;Italy;1;1;New Zealand;FALSO
737;2010;20/06/2010;Group stage;Brazil;3;1;Ivory Coast;FALSO
738;2010;21/06/2010;Group stage;Portugal;7;0;North Korea;FALSO
739;2010;21/06/2010;Group stage;Chile;1;0;Switzerland;FALSO
740;2010;21/06/2010;Group stage;Spain;2;0;Honduras;FALSO
741;2010;22/06/2010;Group stage;Mexico;0;1;Uruguay;FALSO
742;2010;22/06/2010;Group stage;South Africa;2;1;France;VERO
743;2010;22/06/2010;Group stage;Nigeria;2;2;South Korea;FALSO
744;2010;22/06/2010;Group stage;Greece;0;2;Argentina;FALSO
745;2010;23/06/2010;Group stage;Slovenia;0;1;England;FALSO
746;2010;23/06/2010;Group stage;United States;1;0;Algeria;FALSO
747;2010;23/06/2010;Group stage;Ghana;0;1;Germany;FALSO
748;2010;23/06/2010;Group stage;Australia;2;1;Serbia;FALSO
749;2010;24/06/2010;Group stage;Slovakia;3;2;Italy;FALSO
750;2010;24/06/2010;Group stage;Paraguay;0;0;New Zealand;FALSO
751;2010;24/06/2010;Group stage;Denmark;1;3;Japan;FALSO
752;2010;24/06/2010;Group stage;Cameroon;1;2;Netherlands;FALSO
753;2010;25/06/2010;Group stage;Portugal;0;0;Brazil;FALSO
754;2010;25/06/2010;Group stage;North Korea;0;3;Ivory Coast;FALSO
755;2010;25/06/2010;Group stage;Chile;1;2;Spain;FALSO
756;2010;25/06/2010;Group stage;Switzerland;0;0;Honduras;FALSO
757;2010;26/06/2010;Round of 16;Uruguay;2;1;South Korea;FALSO
758;2010;26/06/2010;Round of 16;United States;1;2;Ghana;FALSO
759;2010;27/06/2010;Round of 16;Germany;4;1;England;FALSO
760;2010;27/06/2010;Round of 16;Argentina;3;1;Mexico;FALSO
761;2010;28/06/2010;Round of 16;Netherlands;2;1;Slovakia;FALSO
762;2010;28/06/2010;Round of 16;Brazil;3;0;Chile;FALSO
763;2010;29/06/2010;Round of 16;Paraguay;0;0;Japan;FALSO
764;2010;29/06/2010;Round of 16;Spain;1;0;Portugal;FALSO
765;2010;02/07/2010;Quarter-finals;Netherlands;2;1;Brazil;FALSO
766;2010;02/07/2010;Quarter-finals;Uruguay;1;1;Ghana;FALSO
767;2010;03/07/2010;Quarter-finals;Argentina;0;4;Germany;FALSO
768;2010;03/07/2010;Quarter-finals;Paraguay;0;1;Spain;FALSO
769;2010;06/07/2010;Semi-finals;Uruguay;2;3;Netherlands;FALSO
770;2010;07/07/2010;Semi-finals;Germany;0;1;Spain;FALSO
771;2010;10/07/2010;Third place;Uruguay;2;3;Germany;FALSO
772;2010;11/07/2010;Final;Netherlands;0;1;Spain;FALSO
773;2014;12/06/2014;Group stage;Brazil;3;1;Croatia;VERO
774;2014;13/06/2014;Group stage;Mexico;1;0;Cameroon;FALSO
775;2014;13/06/2014;Group stage;Spain;1;5;Netherlands;FALSO
776;2014;13/06/2014;Group stage;Chile;3;1;Australia;FALSO
777;2014;14/06/2014;Group stage;Colombia;3;0;Greece;FALSO
778;2014;14/06/2014;Group stage;Uruguay;1;3;Costa Rica;FALSO
779;2014;14/06/2014;Group stage;England;1;2;Italy;FALSO
780;2014;14/06/2014;Group stage;Ivory Coast;2;1;Japan;FALSO
781;2014;15/06/2014;Group stage;Switzerland;2;1;Ecuador;FALSO
782;2014;15/06/2014;Group stage;France;3;0;Honduras;FALSO
783;2014;15/06/2014;Group stage;Argentina;2;1;Bosnia and Herzegovina;FALSO
784;2014;16/06/2014;Group stage;Germany;4;0;Portugal;FALSO
785;2014;16/06/2014;Group stage;Iran;0;0;Nigeria;FALSO
786;2014;16/06/2014;Group stage;Ghana;1;2;United States;FALSO
787;2014;17/06/2014;Group stage;Belgium;2;1;Algeria;FALSO
788;2014;17/06/2014;Group stage;Brazil;0;0;Mexico;VERO
789;2014;17/06/2014;Group stage;Russia;1;1;South Korea;FALSO
790;2014;18/06/2014;Group stage;Australia;2;3;Netherlands;FALSO
791;2014;18/06/2014;Group stage;Spain;0;2;Chile;FALSO
792;2014;18/06/2014;Group stage;Cameroon;0;4;Croatia;FALSO
793;2014;19/06/2014;Group stage;Colombia;2;1;Ivory Coast;FALSO
794;2014;19/06/2014;Group stage;Uruguay;2;1;England;FALSO
795;2014;19/06/2014;Group stage;Japan;0;0;Greece;FALSO
796;2014;20/06/2014;Group stage;Italy;0;1;Costa Rica;FALSO
797;2014;20/06/2014;Group stage;Switzerland;2;5;France;FALSO
798;2014;20/06/2014;Group stage;Honduras;1;2;Ecuador;FALSO
799;2014;21/06/2014;Group stage;Argentina;1;0;Iran;FALSO
800;2014;21/06/2014;Group stage;Germany;2;2;Ghana;FALSO
801;2014;21/06/2014;Group stage;Nigeria;1;0;Bosnia and Herzegovina;FALSO
802;2014;22/06/2014;Group stage;Belgium;1;0;Russia;FALSO
803;2014;22/06/2014;Group stage;South Korea;2;4;Algeria;FALSO
804;2014;22/06/2014;Group stage;United States;2;2;Portugal;FALSO
805;2014;23/06/2014;Group stage;Australia;0;3;Spain;FALSO
806;2014;23/06/2014;Group stage;Netherlands;2;0;Chile;FALSO
807;2014;23/06/2014;Group stage;Brazil;4;1;Cameroon;VERO
808;2014;23/06/2014;Group stage;Croatia;1;3;Mexico;FALSO
809;2014;24/06/2014;Group stage;Italy;0;1;Uruguay;FALSO
810;2014;24/06/2014;Group stage;Costa Rica;0;0;England;FALSO
811;2014;24/06/2014;Group stage;Japan;1;4;Colombia;FALSO
812;2014;24/06/2014;Group stage;Greece;2;1;Ivory Coast;FALSO
813;2014;25/06/2014;Group stage;Nigeria;2;3;Argentina;FALSO
814;2014;25/06/2014;Group stage;Bosnia and Herzegovina;3;1;Iran;FALSO
815;2014;25/06/2014;Group stage;Honduras;0;3;Switzerland;FALSO
816;2014;25/06/2014;Group stage;Ecuador;0;0;France;FALSO
817;2014;26/06/2014;Group stage;United States;0;1;Germany;FALSO
818;2014;26/06/2014;Group stage;Portugal;2;1;Ghana;FALSO
819;2014;26/06/2014;Group stage;South Korea;0;1;Belgium;FALSO
820;2014;26/06/2014;Group stage;Algeria;1;1;Russia;FALSO
821;2014;28/06/2014;Round of 16;Brazil;1;1;Chile;VERO
822;2014;28/06/2014;Round of 16;Colombia;2;0;Uruguay;FALSO
823;2014;29/06/2014;Round of 16;Netherlands;2;1;Mexico;FALSO
824;2014;29/06/2014;Round of 16;Costa Rica;1;1;Greece;FALSO
825;2014;30/06/2014;Round of 16;France;2;0;Nigeria;FALSO
826;2014;30/06/2014;Round of 16;Germany;2;1;Algeria;FALSO
827;2014;01/07/2014;Round of 16;Argentina;1;0;Switzerland;FALSO
828;2014;01/07/2014;Round of 16;Belgium;2;1;United States;FALSO
829;2014;04/07/2014;Quarter-finals;France;0;1;Germany;FALSO
830;2014;04/07/2014;Quarter-finals;Brazil;2;1;Colombia;VERO
831;2014;05/07/2014;Quarter-finals;Argentina;1;0;Belgium;FALSO
832;2014;05/07/2014;Quarter-finals;Netherlands;0;0;Costa Rica;FALSO
833;2014;08/07/2014;Semi-finals;Brazil;1;7;Germany;VERO
834;2014;09/07/2014;Semi-finals;Netherlands;0;0;Argentina;FALSO
835;2014;12/07/2014;Third place;Brazil;0;3;Netherlands;VERO
836;2014;13/07/2014;Final;Germany;1;0;Argentina;FALSO
837;2018;14/06/2018;Group stage;Russia;5;0;Saudi Arabia;VERO
838;2018;15/06/2018;Group stage;Egypt;0;1;Uruguay;FALSO
839;2018;15/06/2018;Group stage;Morocco;0;1;Iran;FALSO
840;2018;15/06/2018;Group stage;Portugal;3;3;Spain;FALSO
841;2018;16/06/2018;Group stage;France;2;1;Australia;FALSO
842;2018;16/06/2018;Group stage;Argentina;1;1;Iceland;FALSO
843;2018;16/06/2018;Group stage;Peru;0;1;Denmark;FALSO
844;2018;16/06/2018;Group stage;Croatia;2;0;Nigeria;FALSO
845;2018;17/06/2018;Group stage;Costa Rica;0;1;Serbia;FALSO
846;2018;17/06/2018;Group stage;Germany;0;1;Mexico;FALSO
847;2018;17/06/2018;Group stage;Brazil;1;1;Switzerland;FALSO
848;2018;18/06/2018;Group stage;Sweden;1;0;South Korea;FALSO
849;2018;18/06/2018;Group stage;Belgium;3;0;Panama;FALSO
850;2018;18/06/2018;Group stage;Tunisia;1;2;England;FALSO
851;2018;19/06/2018;Group stage;Colombia;1;2;Japan;FALSO
852;2018;19/06/2018;Group stage;Poland;1;2;Senegal;FALSO
853;2018;19/06/2018;Group stage;Russia;3;1;Egypt;VERO
854;2018;20/06/2018;Group stage;Portugal;1;0;Morocco;FALSO
855;2018;20/06/2018;Group stage;Uruguay;1;0;Saudi Arabia;FALSO
856;2018;20/06/2018;Group stage;Iran;0;1;Spain;FALSO
857;2018;21/06/2018;Group stage;Denmark;1;1;Australia;FALSO
858;2018;21/06/2018;Group stage;France;1;0;Peru;FALSO
859;2018;21/06/2018;Group stage;Argentina;0;3;Croatia;FALSO
860;2018;22/06/2018;Group stage;Brazil;2;0;Costa Rica;FALSO
861;2018;22/06/2018;Group stage;Nigeria;2;0;Iceland;FALSO
862;2018;22/06/2018;Group stage;Serbia;1;2;Switzerland;FALSO
863;2018;23/06/2018;Group stage;Belgium;5;2;Tunisia;FALSO
864;2018;23/06/2018;Group stage;South Korea;1;2;Mexico;FALSO
865;2018;23/06/2018;Group stage;Germany;2;1;Sweden;FALSO
866;2018;24/06/2018;Group stage;England;6;1;Panama;FALSO
867;2018;24/06/2018;Group stage;Japan;2;2;Senegal;FALSO
868;2018;24/06/2018;Group stage;Poland;0;3;Colombia;FALSO
869;2018;25/06/2018;Group stage;Russia;0;3;Uruguay;VERO
870;2018;25/06/2018;Group stage;Saudi Arabia;2;1;Egypt;FALSO
871;2018;25/06/2018;Group stage;Spain;2;2;Morocco;FALSO
872;2018;25/06/2018;Group stage;Iran;1;1;Portugal;FALSO
873;2018;26/06/2018;Group stage;Australia;0;2;Peru;FALSO
874;2018;26/06/2018;Group stage;Denmark;0;0;France;FALSO
875;2018;26/06/2018;Group stage;Nigeria;1;2;Argentina;FALSO
876;2018;26/06/2018;Group stage;Iceland;1;2;Croatia;FALSO
877;2018;27/06/2018;Group stage;South Korea;2;0;Germany;FALSO
878;2018;27/06/2018;Group stage;Mexico;0;3;Sweden;FALSO
879;2018;27/06/2018;Group stage;Serbia;0;2;Brazil;FALSO
880;2018;27/06/2018;Group stage;Switzerland;2;2;Costa Rica;FALSO
881;2018;28/06/2018;Group stage;Japan;0;1;Poland;FALSO
882;2018;28/06/2018;Group stage;Senegal;0;1;Colombia;FALSO
883;2018;28/06/2018;Group stage;Panama;1;2;Tunisia;FALSO
884;2018;28/06/2018;Group stage;England;0;1;Belgium;FALSO
885;2018;30/06/2018;Round of 16;France;4;3;Argentina;FALSO
886;2018;30/06/2018;Round of 16;Uruguay;2;1;Portugal;FALSO
887;2018;01/07/2018;Round of 16;Russia;1;1;Spain;VERO
888;2018;01/07/2018;Round of 16;Croatia;1;1;Denmark;FALSO
889;2018;02/07/2018;Round of 16;Brazil;2;0;Mexico;FALSO
890;2018;02/07/2018;Round of 16;Belgium;3;2;Japan;FALSO
891;2018;03/07/2018;Round of 16;Sweden;1;0;Switzerland;FALSO
892;2018;03/07/2018;Round of 16;Colombia;1;1;England;FALSO
893;2018;06/07/2018;Quarter-finals;Uruguay;0;2;France;FALSO
894;2018;06/07/2018;Quarter-finals;Brazil;1;2;Belgium;FALSO
895;2018;07/07/2018;Quarter-finals;Sweden;0;2;England;FALSO
896;2018;07/07/2018;Quarter-finals;Russia;2;2;Croatia;VERO
897;2018;10/07/2018;Semi-finals;France;1;0;Belgium;FALSO
898;2018;11/07/2018;Semi-finals;Croatia;2;1;England;FALSO
899;2018;14/07/2018;Third place;Belgium;2;0;England;FALSO
900;2018;15/07/2018;Final;France;4;2;Croatia;FALSO
901;2022;20/11/2022;Group stage;Qatar;0;2;Ecuador;VERO
902;2022;21/11/2022;Group stage;England;6;2;Iran;FALSO
903;2022;21/11/2022;Group stage;Senegal;0;2;Netherlands;FALSO
904;2022;21/11/2022;Group stage;United States;1;1;Wales;FALSO
905;2022;22/11/2022;Group stage;Argentina;1;2;Saudi Arabia;FALSO
906;2022;22/11/2022;Group stage;Denmark;0;0;Tunisia;FALSO
907;2022;22/11/2022;Group stage;Mexico;0;0;Poland;FALSO
908;2022;22/11/2022;Group stage;France;4;1;Australia;FALSO
909;2022;23/11/2022;Group stage;Morocco;0;0;Croatia;FALSO
910;2022;23/11/2022;Group stage;Germany;1;2;Japan;FALSO
911;2022;23/11/2022;Group stage;Spain;7;0;Costa Rica;FALSO
912;2022;23/11/2022;Group stage;Belgium;1;0;Canada;FALSO
913;2022;24/11/2022;Group stage;Switzerland;1;0;Cameroon;FALSO
914;2022;24/11/2022;Group stage;Uruguay;0;0;South Korea;FALSO
915;2022;24/11/2022;Group stage;Portugal;3;2;Ghana;FALSO
916;2022;24/11/2022;Group stage;Brazil;2;0;Serbia;FALSO
917;2022;25/11/2022;Group stage;Wales;0;2;Iran;FALSO
918;2022;25/11/2022;Group stage;Qatar;1;3;Senegal;VERO
919;2022;25/11/2022;Group stage;Netherlands;1;1;Ecuador;FALSO
920;2022;25/11/2022;Group stage;England;0;0;United States;FALSO
921;2022;26/11/2022;Group stage;Tunisia;0;1;Australia;FALSO
922;2022;26/11/2022;Group stage;Poland;2;0;Saudi Arabia;FALSO
923;2022;26/11/2022;Group stage;France;2;1;Denmark;FALSO
924;2022;26/11/2022;Group stage;Argentina;2;0;Mexico;FALSO
925;2022;27/11/2022;Group stage;Japan;0;1;Costa Rica;FALSO
926;2022;27/11/2022;Group stage;Belgium;0;2;Morocco;FALSO
927;2022;27/11/2022;Group stage;Croatia;4;1;Canada;FALSO
928;2022;27/11/2022;Group stage;Spain;1;1;Germany;FALSO
929;2022;28/11/2022;Group stage;Cameroon;3;3;Serbia;FALSO
930;2022;28/11/2022;Group stage;South Korea;2;3;Ghana;FALSO
931;2022;28/11/2022;Group stage;Brazil;1;0;Switzerland;FALSO
932;2022;28/11/2022;Group stage;Portugal;2;0;Uruguay;FALSO
